{
    "foreground_intensity_properties_per_channel": {
        "0": {
            "max": 8733.0,
            "mean": 207.76686096191406,
            "median": 208.0,
            "min": -2048.0,
            "percentile_00_5": -24.0,
            "percentile_99_5": 507.0,
            "std": 109.21634674072266
        }
    },
    "median_relative_size_after_cropping": 1.0,
    "shapes_after_crop": [
        [
            724,
            435,
            435
        ],
        [
            715,
            516,
            516
        ],
        [
            801,
            400,
            400
        ],
        [
            725,
            500,
            500
        ],
        [
            713,
            476,
            476
        ],
        [
            800,
            490,
            490
        ],
        [
            736,
            437,
            437
        ],
        [
            696,
            400,
            400
        ],
        [
            659,
            400,
            400
        ],
        [
            697,
            400,
            400
        ],
        [
            656,
            447,
            447
        ],
        [
            676,
            400,
            400
        ],
        [
            578,
            437,
            437
        ],
        [
            633,
            439,
            439
        ],
        [
            667,
            439,
            439
        ],
        [
            699,
            455,
            455
        ],
        [
            687,
            455,
            455
        ],
        [
            746,
            410,
            410
        ],
        [
            697,
            471,
            471
        ],
        [
            618,
            500,
            500
        ],
        [
            718,
            453,
            453
        ],
        [
            763,
            488,
            488
        ],
        [
            682,
            500,
            500
        ],
        [
            743,
            490,
            490
        ],
        [
            701,
            423,
            423
        ],
        [
            709,
            412,
            412
        ],
        [
            713,
            392,
            392
        ],
        [
            783,
            420,
            420
        ],
        [
            696,
            482,
            482
        ],
        [
            697,
            433,
            433
        ],
        [
            639,
            476,
            476
        ],
        [
            749,
            498,
            498
        ],
        [
            628,
            400,
            400
        ],
        [
            650,
            400,
            400
        ],
        [
            641,
            418,
            418
        ],
        [
            714,
            466,
            466
        ],
        [
            726,
            471,
            471
        ],
        [
            663,
            490,
            490
        ],
        [
            701,
            423,
            423
        ],
        [
            627,
            496,
            496
        ],
        [
            663,
            400,
            400
        ],
        [
            770,
            502,
            502
        ],
        [
            644,
            430,
            430
        ],
        [
            661,
            423,
            423
        ],
        [
            697,
            389,
            389
        ],
        [
            659,
            490,
            490
        ],
        [
            711,
            425,
            425
        ],
        [
            733,
            449,
            449
        ],
        [
            613,
            468,
            468
        ],
        [
            711,
            500,
            500
        ]
    ],
    "spacings": [
        [
            1.0,
            1.0,
            1.0
        ],
        [
            1.0,
            1.0,
            1.0
        ],
        [
            1.0,
            1.0,
            1.0
        ],
        [
            1.0,
            1.0,
            1.0
        ],
        [
            1.0,
            1.0,
            1.0
        ],
        [
            1.0,
            1.0,
            1.0
        ],
        [
            1.0,
            1.0,
            1.0
        ],
        [
            1.0,
            1.0,
            1.0
        ],
        [
            1.0,
            1.0,
            1.0
        ],
        [
            1.0,
            1.0,
            1.0
        ],
        [
            1.0,
            1.0,
            1.0
        ],
        [
            1.0,
            1.0,
            1.0
        ],
        [
            1.0,
            1.0,
            1.0
        ],
        [
            1.0,
            1.0,
            1.0
        ],
        [
            1.0,
            1.0,
            1.0
        ],
        [
            1.0,
            1.0,
            1.0
        ],
        [
            1.0,
            1.0,
            1.0
        ],
        [
            1.0,
            1.0,
            1.0
        ],
        [
            1.0,
            1.0,
            1.0
        ],
        [
            1.0,
            1.0,
            1.0
        ],
        [
            1.0,
            1.0,
            1.0
        ],
        [
            1.0,
            1.0,
            1.0
        ],
        [
            1.0,
            1.0,
            1.0
        ],
        [
            1.0,
            1.0,
            1.0
        ],
        [
            1.0,
            1.0,
            1.0
        ],
        [
            1.0,
            1.0,
            1.0
        ],
        [
            1.0,
            1.0,
            1.0
        ],
        [
            1.0,
            1.0,
            1.0
        ],
        [
            1.0,
            1.0,
            1.0
        ],
        [
            1.0,
            1.0,
            1.0
        ],
        [
            1.0,
            1.0,
            1.0
        ],
        [
            1.0,
            1.0,
            1.0
        ],
        [
            1.0,
            1.0,
            1.0
        ],
        [
            1.0,
            1.0,
            1.0
        ],
        [
            1.0,
            1.0,
            1.0
        ],
        [
            1.0,
            1.0,
            1.0
        ],
        [
            1.0,
            1.0,
            1.0
        ],
        [
            1.0,
            1.0,
            1.0
        ],
        [
            1.0,
            1.0,
            1.0
        ],
        [
            1.0,
            1.0,
            1.0
        ],
        [
            1.0,
            1.0,
            1.0
        ],
        [
            1.0,
            1.0,
            1.0
        ],
        [
            1.0,
            1.0,
            1.0
        ],
        [
            1.0,
            1.0,
            1.0
        ],
        [
            1.0,
            1.0,
            1.0
        ],
        [
            1.0,
            1.0,
            1.0
        ],
        [
            1.0,
            1.0,
            1.0
        ],
        [
            1.0,
            1.0,
            1.0
        ],
        [
            1.0,
            1.0,
            1.0
        ],
        [
            1.0,
            1.0,
            1.0
        ]
    ]
}